{
"lengthUnit": "mil",
"components": {
	"fields": ["COMPONENT_NO", "COMPONENT_NAME", "LAYER", "X_COORDINATE", "Y_COORDINATE", "ANGLE"],
	"rows": [
		[1, "C1", "T", 1405, 4525, 90],
		[2, "CN2", "T", 1496.49, 4526.99, 90],
		[3, "U1", "T", 411.17, 4255, 90],
		[4, "PAD1", "T", 711.49, 4351.99, 0],
		[5, "PAD1", "B", 711.49, 4351.99, 0],
		[6, "PAD2", "T", 611.49, 4351.99, 0],
		[7, "PAD2", "B", 611.49, 4351.99, 0],
		[8, "PAD3", "T", 511.49, 4351.99, 0],
		[9, "PAD3", "B", 511.49, 4351.99, 0],
		[10, "PAD4", "T", 411.49, 4351.99, 0],
		[11, "PAD4", "B", 411.49, 4351.99, 0],
		[12, "PAD5", "T", 811.49, 4351.99, 0],
		[13, "PAD5", "B", 811.49, 4351.99, 0],
		[14, "PAD6", "T", 911.49, 4351.99, 0],
		[15, "PAD6", "B", 911.49, 4351.99, 0],
		[16, "PAD7", "T", 1011.49, 4351.99, 0],
		[17, "PAD7", "B", 1011.49, 4351.99, 0],
		[18, "TPJLC2", "B", 1570.06, 4645.1, 0]
	]
},
"pins": {
	"fields": ["PIN_NO", "PIN_NAME", "PIN_X", "PIN_Y", "LAYER", "PIN_TYPE", "NET_NAME", "NET_TYPE", "PAD_SHAPE", "PAD_SIZEX", "PAD_SIZEY", "HOLE_SIZE", "PAD_ANGLE"],
	"rows": [
		[1, "C1_1", 1405, 4497.44, "T", "SMD", "GND", "GND", "R", 31.5, 35.43, 0, 90],
		[2, "C1_2", 1405, 4552.56, "T", "SMD", "3V3", "", "R", 31.5, 35.43, 0, 90],
		[3, "CN2_1", 1496.49, 4408.88, "T", "DIP", "SCL", "", "C", 47.24, 47.24, 29.53, 90],
		[4, "CN2_1", 1496.49, 4408.88, "B", "DIP", "SCL", "", "C", 47.24, 47.24, 29.53, 90],
		[5, "CN2_2", 1496.49, 4467.93, "T", "DIP", "GND", "GND", "C", 47.24, 47.24, 29.53, 90],
		[6, "CN2_2", 1496.49, 4467.93, "B", "DIP", "GND", "GND", "C", 47.24, 47.24, 29.53, 90],
		[7, "CN2_3", 1496.49, 4526.99, "T", "DIP", "INT", "", "C", 47.24, 47.24, 29.53, 90],
		[8, "CN2_3", 1496.49, 4526.99, "B", "DIP", "INT", "", "C", 47.24, 47.24, 29.53, 90],
		[9, "CN2_4", 1496.49, 4586.04, "T", "DIP", "3V3", "", "C", 47.24, 47.24, 29.53, 90],
		[10, "CN2_4", 1496.49, 4586.04, "B", "DIP", "3V3", "", "C", 47.24, 47.24, 29.53, 90],
		[11, "CN2_5", 1496.49, 4645.1, "T", "DIP", "SDA", "", "C", 47.24, 47.24, 29.53, 90],
		[12, "CN2_5", 1496.49, 4645.1, "B", "DIP", "SDA", "", "C", 47.24, 47.24, 29.53, 90],
		[13, "U1_7", 411.17, 4255, "T", "DIP", "3V3", "", "R", 65, 65, 35, 90],
		[14, "U1_7", 411.17, 4255, "B", "DIP", "3V3", "", "R", 65, 65, 35, 90],
		[15, "U1_8", 511.17, 4255, "T", "DIP", "GND", "GND", "C", 65, 65, 35, 0],
		[16, "U1_8", 511.17, 4255, "B", "DIP", "GND", "GND", "C", 65, 65, 35, 0],
		[17, "U1_9", 611.17, 4255, "T", "DIP", "SCL", "", "C", 65, 65, 35, 0],
		[18, "U1_9", 611.17, 4255, "B", "DIP", "SCL", "", "C", 65, 65, 35, 0],
		[19, "U1_10", 711.17, 4255, "T", "DIP", "SDA", "", "C", 65, 65, 35, 0],
		[20, "U1_10", 711.17, 4255, "B", "DIP", "SDA", "", "C", 65, 65, 35, 0],
		[21, "U1_11", 1011.17, 4255, "T", "DIP", "INT", "", "C", 65, 65, 35, 0],
		[22, "U1_11", 1011.17, 4255, "B", "DIP", "INT", "", "C", 65, 65, 35, 0],
		[23, "U1_12", 911.17, 4255, "T", "DIP", "U1_12", "", "C", 65, 65, 35, 0],
		[24, "U1_12", 911.17, 4255, "B", "DIP", "U1_12", "", "C", 65, 65, 35, 0],
		[25, "U1_13", 811.17, 4255, "T", "DIP", "SD0", "", "C", 65, 65, 35, 0],
		[26, "U1_13", 811.17, 4255, "B", "DIP", "SD0", "", "C", 65, 65, 35, 0],
		[27, "U1_14", 1216.17, 4255, "T", "DIP", "U1_14", "", "C", 65, 65, 35, 0],
		[28, "U1_14", 1216.17, 4255, "B", "DIP", "U1_14", "", "C", 65, 65, 35, 0],
		[29, "U1_15", 1311.17, 4255, "T", "DIP", "U1_15", "", "C", 65, 65, 35, 0],
		[30, "U1_15", 1311.17, 4255, "B", "DIP", "U1_15", "", "C", 65, 65, 35, 0],
		[31, "U1_16", 1111.17, 4255, "T", "DIP", "U1_16", "", "C", 65, 65, 35, 0],
		[32, "U1_16", 1111.17, 4255, "B", "DIP", "U1_16", "", "C", 65, 65, 35, 0],
		[33, "PAD1_4", 711.49, 4351.99, "T", "DIP", "SCL", "", "C", 65, 65, 40, 270],
		[34, "PAD1_4", 711.49, 4351.99, "B", "DIP", "SCL", "", "C", 65, 65, 40, 270],
		[35, "PAD2_3", 611.49, 4351.99, "T", "DIP", "GND", "GND", "C", 65, 65, 40, 270],
		[36, "PAD2_3", 611.49, 4351.99, "B", "DIP", "GND", "GND", "C", 65, 65, 40, 270],
		[37, "PAD3_2", 511.49, 4351.99, "T", "DIP", "3V3", "", "C", 65, 65, 40, 270],
		[38, "PAD3_2", 511.49, 4351.99, "B", "DIP", "3V3", "", "C", 65, 65, 40, 270],
		[39, "PAD4_1", 411.49, 4351.99, "T", "DIP", "VIN", "", "R", 65, 65, 40, 270],
		[40, "PAD4_1", 411.49, 4351.99, "B", "DIP", "VIN", "", "R", 65, 65, 40, 270],
		[41, "PAD5_5", 811.49, 4351.99, "T", "DIP", "SDA", "", "C", 65, 65, 40, 270],
		[42, "PAD5_5", 811.49, 4351.99, "B", "DIP", "SDA", "", "C", 65, 65, 40, 270],
		[43, "PAD6_6", 911.49, 4351.99, "T", "DIP", "CS", "", "C", 65, 65, 40, 270],
		[44, "PAD6_6", 911.49, 4351.99, "B", "DIP", "CS", "", "C", 65, 65, 40, 270],
		[45, "PAD7_7", 1011.49, 4351.99, "T", "DIP", "SAO", "", "C", 65, 65, 40, 270],
		[46, "PAD7_7", 1011.49, 4351.99, "B", "DIP", "SAO", "", "C", 65, 65, 40, 270],
		[47, "TPJLC2_TP1", 1570.06, 4645.1, "B", "TP", "SDA", "", "C", 39.37, 39.37, 0, 0],
		[48, "TPJLC2_TP2", 1570.06, 4586.04, "B", "TP", "3V3", "", "C", 39.37, 39.37, 0, 0],
		[49, "TPJLC2_TP3", 1570.06, 4526.46, "B", "TP", "INT", "", "C", 39.37, 39.37, 0, 0],
		[50, "TPJLC2_TP4", 1570.06, 4467.93, "B", "TP", "GND", "GND", "C", 39.37, 39.37, 0, 0],
		[51, "TPJLC2_TP5", 1570.06, 4408.88, "B", "TP", "SCL", "", "C", 39.37, 39.37, 0, 0]
	]
}
}